{"collectionAllTravellers":[["YoungTraveller",{"name":"George","age":15,"timestamp":1620910214330,"visit":null,"travellerTermsVector":[6,3,4,5,6,3,0,3,4,0],"travellerGeodesicVector":[12.238787342469735,145.21133601918]}],["MiddleTraveller",{"name":"Nikos","age":40,"timestamp":1620910214369,"visit":null,"travellerTermsVector":[0,1,10,9,2,10,0,5,8,5],"travellerGeodesicVector":[-65.14757325281413,50.30554248298657]}],["ElderTraveller",{"name":"Petros","age":60,"timestamp":1620910214390,"visit":null,"travellerTermsVector":[10,8,0,5,1,10,7,5,1,6],"travellerGeodesicVector":[-18.520964894506704,-36.201670752659965]}],["YoungTraveller",{"name":"Christos","age":16,"timestamp":1620910214411,"visit":null,"travellerTermsVector":[4,10,3,1,2,10,5,0,8,6],"travellerGeodesicVector":[-3.3727254076337942,-55.75583475308045]}],["MiddleTraveller",{"name":"Aris","age":41,"timestamp":1620910214432,"visit":null,"travellerTermsVector":[10,3,4,3,2,8,2,0,10,7],"travellerGeodesicVector":[15.522036564671254,14.776728868895361]}],["ElderTraveller",{"name":"Panos","age":61,"timestamp":1620910214453,"visit":null,"travellerTermsVector":[0,9,7,4,5,7,4,5,0,7],"travellerGeodesicVector":[53.97621046146497,105.31264723774444]}],["YoungTraveller",{"name":"Maria","age":17,"timestamp":1620910214474,"visit":null,"travellerTermsVector":[3,3,1,7,0,9,4,6,10,1],"travellerGeodesicVector":[-53.896454545352064,96.31306335348995]}],["MiddleTraveller",{"name":"Dimitra","age":42,"timestamp":1620910214497,"visit":null,"travellerTermsVector":[6,3,9,9,10,7,9,4,0,9],"travellerGeodesicVector":[-2.861308491743088,72.65443323126274]}],["ElderTraveller",{"name":"Sofia","age":62,"timestamp":1620910214520,"visit":null,"travellerTermsVector":[2,8,0,8,6,6,4,4,0,10],"travellerGeodesicVector":[-53.72073238708309,-176.28532490198464]}],["YoungTraveller",{"name":"Andreas","age":18,"timestamp":1620910214542,"visit":null,"travellerTermsVector":[0,4,8,3,1,6,5,9,10,8],"travellerGeodesicVector":[20.801284153761983,119.01136427504275]}],["MiddleTraveller",{"name":"Pavlos","age":43,"timestamp":1620910214565,"visit":null,"travellerTermsVector":[1,6,10,6,1,3,3,9,0,2],"travellerGeodesicVector":[52.664715913366706,45.331055020437844]}],["ElderTraveller",{"name":"Katerina","age":63,"timestamp":1620910214588,"visit":null,"travellerTermsVector":[0,5,9,10,2,8,1,8,8,9],"travellerGeodesicVector":[1.4248324317551635,-37.91695392287579]}],["YoungTraveller",{"name":"Tasos","age":19,"timestamp":1620910214611,"visit":null,"travellerTermsVector":[6,9,10,2,7,5,10,3,8,3],"travellerGeodesicVector":[60.56286843673746,-129.4577616047472]}],["MiddleTraveller",{"name":"Eleni","age":44,"timestamp":1620910214636,"visit":null,"travellerTermsVector":[3,4,5,3,0,7,6,7,8,5],"travellerGeodesicVector":[0.4761246520330218,-133.2151253253542]}],["ElderTraveller",{"name":"Anna","age":64,"timestamp":1620910214660,"visit":null,"travellerTermsVector":[3,6,9,3,0,3,2,2,6,3],"travellerGeodesicVector":[11.513969319740823,-132.3375290020395]}],["MiddleTraveller",{"name":"Nikos","age":40,"timestamp":1620910214684,"visit":null,"travellerTermsVector":[2,0,0,7,10,5,7,3,1,6],"travellerGeodesicVector":[-40.13409151434356,7.424422167567627]}]]}